,FID,kecamatan,kabupaten,provinsi,lat,lon,kategori
0,1051,KEJAKSAN,KOTA CIREBON,JAWA BARAT,-6.704345663,108.5561264,medium
1,1061,BUNGURSARI,PURWAKARTA,JAWA BARAT,-6.456110217,107.4769384,medium
2,1066,MANDIRANCAN,KUNINGAN,JAWA BARAT,-6.844953282,108.4545708,medium
3,1073,PANGKALAN,KARAWANG,JAWA BARAT,-6.463376321,107.2280828,medium
4,1075,PASAWAHAN,KUNINGAN,JAWA BARAT,-6.824986168,108.4270284,medium
5,1091,WARUDOYONG,KOTA SUKABUMI,JAWA BARAT,-6.930732646,106.9131183,medium
6,1094,SOREANG,BANDUNG,JAWA BARAT,-7.040885147,107.5188411,medium
7,1104,JALAKSANA,KUNINGAN,JAWA BARAT,-6.915807777,108.4588959,medium
8,1105,PARUNGKUDA,SUKABUMI,JAWA BARAT,-6.840515101,106.7512782,medium
9,1110,TAMBELANG,BEKASI,JAWA BARAT,-6.16785122,107.1273715,medium
10,1120,PARONGPONG,BANDUNG BARAT,JAWA BARAT,-6.799508191,107.5835483,medium
11,1124,CICANTAYAN,SUKABUMI,JAWA BARAT,-6.921518358,106.8299732,medium
12,1141,SUKADANA,CIAMIS,JAWA BARAT,-7.272762325,108.4518005,medium
13,1149,HANTARA,KUNINGAN,JAWA BARAT,-7.064352444,108.4537899,medium
14,1150,PARAKANSALAK,SUKABUMI,JAWA BARAT,-6.791203506,106.7051116,medium
15,1153,BANDUNG KIDUL,KOTA BANDUNG,JAWA BARAT,-6.957652868,107.6312237,medium
16,1166,GANEAS,SUMEDANG,JAWA BARAT,-6.870392124,107.9679302,medium
17,1171,SUMEDANG SELATAN,SUMEDANG,JAWA BARAT,-6.901822456,107.9214381,medium
18,1172,BANTARGADUNG,SUKABUMI,JAWA BARAT,-6.97154696,106.6638763,medium
19,1184,CANGKUANG,BANDUNG,JAWA BARAT,-7.057533161,107.5419248,medium
20,1194,JAPARA,KUNINGAN,JAWA BARAT,-6.911631207,108.5436788,medium
21,1199,LEBAKWANGI,KUNINGAN,JAWA BARAT,-7.010066023,108.5855988,medium
22,1200,CILEBAK,KUNINGAN,JAWA BARAT,-7.139780381,108.5776203,medium
23,1215,TENGAH TANI,CIREBON,JAWA BARAT,-6.699930165,108.5237693,medium
24,1216,PANGURAGAN,CIREBON,JAWA BARAT,-6.617146236,108.4615028,medium
25,1218,CISITU,SUMEDANG,JAWA BARAT,-6.876253196,108.0399468,medium
26,1219,NAGRAK,SUKABUMI,JAWA BARAT,-6.843285162,106.8384763,medium
27,1220,KALAPANUNGGAL,SUKABUMI,JAWA BARAT,-6.814249512,106.6666077,medium
28,1222,CIBATU,PURWAKARTA,JAWA BARAT,-6.532284866,107.5368535,medium
29,1230,KLAPANUNGGAL,BOGOR,JAWA BARAT,-6.483158824,106.955215,medium
30,1231,KRAMATMULYA,KUNINGAN,JAWA BARAT,-6.941372598,108.4933337,medium
31,1232,TENJOLAYA,BOGOR,JAWA BARAT,-6.654015474,106.7079486,medium
32,1236,KEDAWUNG,CIREBON,JAWA BARAT,-6.716433373,108.5333022,medium
33,1239,TALUN,CIREBON,JAWA BARAT,-6.768418047,108.5093016,medium
34,1243,GREGED,CIREBON,JAWA BARAT,-6.815762992,108.5615315,medium
35,1245,HARJAMUKTI,KOTA CIREBON,JAWA BARAT,-6.761432176,108.5482559,medium
36,1249,SINDANGWANGI,MAJALENGKA,JAWA BARAT,-6.80303446,108.3847442,medium
37,1253,BANYUSARI,KARAWANG,JAWA BARAT,-6.302627338,107.539919,medium
38,1255,CISARUA,SUMEDANG,JAWA BARAT,-6.831796751,107.9695702,medium
39,1273,DARMARAJA,SUMEDANG,JAWA BARAT,-6.912037406,108.0618645,medium
40,1278,CIJEUNGJING,CIAMIS,JAWA BARAT,-7.332153169,108.4193383,medium
41,1280,GUNUNG TANJUNG,TASIKMALAYA,JAWA BARAT,-7.427103434,108.3028045,medium
42,1281,CISAGA,CIAMIS,JAWA BARAT,-7.316261158,108.5092072,medium
43,1284,PALASAH,MAJALENGKA,JAWA BARAT,-6.738967546,108.2995983,medium
44,1285,DARMA,KUNINGAN,JAWA BARAT,-7.009662393,108.4032464,medium
45,1298,CIGUGUR,KUNINGAN,JAWA BARAT,-6.954287994,108.4406479,medium
46,1305,TEMPURAN,KARAWANG,JAWA BARAT,-6.196427851,107.4437179,medium
47,1311,PAMULIHAN,GARUT,JAWA BARAT,-7.363302775,107.6820042,medium
48,1313,INDIHIANG,KOTA TASIKMALAYA,JAWA BARAT,-7.290795882,108.1981919,medium
49,1320,SITURAJA,SUMEDANG,JAWA BARAT,-6.864414362,108.0065061,medium
50,1330,CIWIDEY,BANDUNG,JAWA BARAT,-7.089407848,107.4383836,medium
51,1331,KALIMANGGIS,KUNINGAN,JAWA BARAT,-6.952758803,108.6267223,medium
52,1334,KLANGENAN,CIREBON,JAWA BARAT,-6.667798528,108.4516114,medium
53,1341,PATARUMAN,KOTA BANJAR,JAWA BARAT,-7.391127706,108.5644162,medium
54,1343,AGRABINTA,CIANJUR,JAWA BARAT,-7.393880676,106.8961264,medium
55,1361,JATINAGARA,CIAMIS,JAWA BARAT,-7.182359979,108.405195,medium
56,1374,KERTAJATI,MAJALENGKA,JAWA BARAT,-6.642727792,108.1311398,medium
57,1380,TALAGA,MAJALENGKA,JAWA BARAT,-6.988694371,108.3183416,medium
58,1390,TEGALWARU,PURWAKARTA,JAWA BARAT,-6.627803871,107.3344179,medium
59,1393,SUSUKAN LEBAK,CIREBON,JAWA BARAT,-6.862800958,108.6178429,medium
60,1405,NUSAHERANG,KUNINGAN,JAWA BARAT,-7.015018481,108.4320322,medium
61,1406,CIMALAKA,SUMEDANG,JAWA BARAT,-6.793243739,107.943546,medium
62,1412,CANTIGI,INDRAMAYU,JAWA BARAT,-6.298060695,108.2387776,medium
63,1414,CIHIDEUNG,KOTA TASIKMALAYA,JAWA BARAT,-7.335890478,108.2129025,medium
64,1435,CIPATUJAH,TASIKMALAYA,JAWA BARAT,-7.702406318,108.0266451,medium
65,1442,JAMPANG TENGAH,SUKABUMI,JAWA BARAT,-7.068108942,106.790436,medium
66,1447,DARANGDAN,PURWAKARTA,JAWA BARAT,-6.687183705,107.4443826,medium
67,1450,HAURGEULIS,INDRAMAYU,JAWA BARAT,-6.446405204,107.9374704,medium
68,1487,KARANG KANCANA,KUNINGAN,JAWA BARAT,-7.102016489,108.6726278,medium
69,1509,MUARAGEMBONG,BEKASI,JAWA BARAT,-5.996071382,107.0499777,medium
70,1512,WALURAN,SUKABUMI,JAWA BARAT,-7.209098984,106.5999117,medium
71,1533,CARINGIN,SUKABUMI,JAWA BARAT,-6.850318319,106.8818199,medium
72,1545,JATISARI,KARAWANG,JAWA BARAT,-6.355807281,107.522137,medium
73,1570,CIKIDANG,SUKABUMI,JAWA BARAT,-6.890732753,106.6366707,medium
74,1573,KALIBUNDER,SUKABUMI,JAWA BARAT,-7.260367601,106.7174831,medium
75,1580,SUMEDANG UTARA,SUMEDANG,JAWA BARAT,-6.835981774,107.908162,medium
76,1581,BOJONG,PURWAKARTA,JAWA BARAT,-6.703674302,107.5179044,medium
77,1594,BEBER,CIREBON,JAWA BARAT,-6.825018186,108.5242795,medium
78,1611,CIKONENG,CIAMIS,JAWA BARAT,-7.280302507,108.27436,medium
79,1619,CITAMIANG,KOTA SUKABUMI,JAWA BARAT,-6.937251213,106.9309594,medium
80,1620,BABAKAN MADANG,BOGOR,JAWA BARAT,-6.59158129,106.9015992,medium
81,1625,SUMBER,CIREBON,JAWA BARAT,-6.761931708,108.479059,medium
82,1628,CIBEUREUM,KOTA SUKABUMI,JAWA BARAT,-6.941388462,106.9481166,medium
83,1633,PURWAKARTA,PURWAKARTA,JAWA BARAT,-6.540097924,107.4548248,medium
84,1640,CIREUNGHAS,SUKABUMI,JAWA BARAT,-6.93683387,107.024121,medium
85,1648,BOJONGMANGU,BEKASI,JAWA BARAT,-6.43824581,107.1792166,medium
86,1656,GUNUNG JATI,CIREBON,JAWA BARAT,-6.665599995,108.5356348,medium
87,1666,BANJAR,KOTA BANJAR,JAWA BARAT,-7.37418243,108.5037243,medium
88,1667,PURWASARI,KARAWANG,JAWA BARAT,-6.369515747,107.4095184,medium
89,1669,CIKALONGWETAN,BANDUNG BARAT,JAWA BARAT,-6.742831198,107.4459004,medium
90,1673,CIJERUK,BOGOR,JAWA BARAT,-6.685778732,106.7836872,medium
91,1681,SINDANGKERTA,BANDUNG BARAT,JAWA BARAT,-7.040242068,107.4010221,medium
92,1682,SUKALARANG,SUKABUMI,JAWA BARAT,-6.883807973,107.0126659,medium
93,1689,LEMBANG,BANDUNG BARAT,JAWA BARAT,-6.809335335,107.6479414,medium
94,1691,ARJAWINANGUN,CIREBON,JAWA BARAT,-6.641584564,108.4083528,medium
95,1694,PASIRWANGI,GARUT,JAWA BARAT,-7.211583555,107.7642334,medium
96,1698,NYALINDUNG,SUKABUMI,JAWA BARAT,-7.014088617,106.924149,medium
97,1699,GEGESIK,CIREBON,JAWA BARAT,-6.574306334,108.4296919,medium
98,1712,WANARAJA,GARUT,JAWA BARAT,-7.188690156,108.0083612,medium
99,1714,LEUWIMUNDING,MAJALENGKA,JAWA BARAT,-6.744309728,108.340953,medium
100,1722,ARJASARI,BANDUNG,JAWA BARAT,-7.067244101,107.6411292,medium
101,1723,CIPEUNDEUY,BANDUNG BARAT,JAWA BARAT,-6.759243304,107.3517669,medium
102,1724,BAYONGBONG,GARUT,JAWA BARAT,-7.274045945,107.8444308,medium
103,1729,RENGASDENGKLOK,KARAWANG,JAWA BARAT,-6.176220869,107.3016098,medium
104,1730,TOMO,SUMEDANG,JAWA BARAT,-6.789890064,108.1120733,medium
105,1735,CIPATAT,BANDUNG BARAT,JAWA BARAT,-6.828967084,107.3892441,medium
106,1737,SUKAHAJI,MAJALENGKA,JAWA BARAT,-6.8135726,108.2960892,medium
107,1746,KARANGPAWITAN,GARUT,JAWA BARAT,-7.220939248,107.9541697,medium
108,1747,GARUT KOTA,GARUT,JAWA BARAT,-7.245185229,107.9265934,medium
109,1753,LELES,GARUT,JAWA BARAT,-7.113049575,107.86487,medium
110,1755,GEKBRONG,CIANJUR,JAWA BARAT,-6.873104592,107.0480924,medium
111,1761,CILAWU,GARUT,JAWA BARAT,-7.299960176,107.8994039,medium
112,1762,SEDONG,CIREBON,JAWA BARAT,-6.871811891,108.5744136,medium
113,1765,PANUMBANGAN,CIAMIS,JAWA BARAT,-7.135579892,108.2247241,medium
114,1769,KERTASEMAYA,INDRAMAYU,JAWA BARAT,-6.519213347,108.3673122,medium
115,1772,CISEENG,BOGOR,JAWA BARAT,-6.455673493,106.6785968,medium
116,1788,BANDUNG WETAN,KOTA BANDUNG,JAWA BARAT,-6.904808275,107.6171583,medium
117,1792,CIMENYAN,BANDUNG,JAWA BARAT,-6.862367601,107.6694346,medium
118,1793,GARAWANGI,KUNINGAN,JAWA BARAT,-7.013419603,108.5269506,medium
119,1795,CIGANDAMEKAR,KUNINGAN,JAWA BARAT,-6.887353805,108.5309315,medium
120,1802,KARANGWARENG,CIREBON,JAWA BARAT,-6.883428208,108.6489513,medium
121,1809,KUNINGAN,KUNINGAN,JAWA BARAT,-6.981114455,108.4912557,medium
122,1810,LURAGUNG,KUNINGAN,JAWA BARAT,-7.019385154,108.6302267,medium
123,1811,PEKALIPAN,KOTA CIREBON,JAWA BARAT,-6.723344792,108.5635488,medium
124,1812,BANJARAN,BANDUNG,JAWA BARAT,-7.079835641,107.5957411,medium
125,1832,TELUKJAMBE BARAT,KARAWANG,JAWA BARAT,-6.357420174,107.2455924,medium
126,1834,SUBANG,SUBANG,JAWA BARAT,-6.574021133,107.778263,medium
127,1843,CITEUREUP,BOGOR,JAWA BARAT,-6.524802502,106.8925285,medium
128,1856,CIWARINGIN,CIREBON,JAWA BARAT,-6.675975821,108.3823147,medium
129,1862,JALANCAGAK,SUBANG,JAWA BARAT,-6.668265069,107.7007863,medium
130,1870,DAWUAN,SUBANG,JAWA BARAT,-6.574456607,107.686506,medium
131,1872,KALIJATI,SUBANG,JAWA BARAT,-6.527443343,107.6499466,medium
132,1873,KAPETAKAN,CIREBON,JAWA BARAT,-6.574287631,108.5139452,medium
133,1880,ASTANAJAPURA,CIREBON,JAWA BARAT,-6.803714461,108.6214774,medium
134,1883,RAWAMERTA,KARAWANG,JAWA BARAT,-6.234413067,107.3518574,medium
135,1887,CIMAHI,KUNINGAN,JAWA BARAT,-7.000612484,108.6986109,medium
136,1900,CIDAHU,KUNINGAN,JAWA BARAT,-6.964025224,108.6614802,medium
137,1901,SUKAMAKMUR,BOGOR,JAWA BARAT,-6.592124818,107.0180343,medium
138,1903,GEBANG,CIREBON,JAWA BARAT,-6.829384845,108.7330681,medium
139,1911,CIBINGBIN,KUNINGAN,JAWA BARAT,-7.054777398,108.7571105,medium
140,1912,INDRAMAYU,INDRAMAYU,JAWA BARAT,-6.346221832,108.3396729,medium
141,1918,CIBUAYA,KARAWANG,JAWA BARAT,-6.015997959,107.3283291,medium
142,1926,KASOMALANG,SUBANG,JAWA BARAT,-6.694367119,107.7532957,medium
143,1937,PARUNG PANJANG,BOGOR,JAWA BARAT,-6.376702392,106.5549795,medium
144,1942,CIBOGO,SUBANG,JAWA BARAT,-6.568184716,107.8379876,medium
145,1947,CARINGIN,BOGOR,JAWA BARAT,-6.736570185,106.8655568,medium
146,1953,CIBADAK,SUKABUMI,JAWA BARAT,-6.894731692,106.7628796,medium
147,1978,DRAMAGA,BOGOR,JAWA BARAT,-6.588788595,106.729951,medium
148,1979,KEDUNG WARINGIN,BEKASI,JAWA BARAT,-6.250873678,107.2483549,medium
149,1987,BOJONGSOANG,BANDUNG,JAWA BARAT,-6.983735777,107.6645909,medium
150,1992,BABAKAN CIPARAY,KOTA BANDUNG,JAWA BARAT,-6.943536719,107.578429,medium
151,1994,PANCALANG,KUNINGAN,JAWA BARAT,-6.817072695,108.4947439,medium
152,1997,TELUKJAMBE TIMUR,KARAWANG,JAWA BARAT,-6.341334204,107.2894058,medium
153,1998,CINIRU,KUNINGAN,JAWA BARAT,-7.057134864,108.505906,medium
154,2001,PONDOK MELATI,KOTA BEKASI,JAWA BARAT,-6.309939491,106.9282895,medium
155,2003,RANCASARI,KOTA BANDUNG,JAWA BARAT,-6.954531503,107.6739121,medium
156,2006,KARAWANG BARAT,KARAWANG,JAWA BARAT,-6.273018755,107.2960262,medium
157,2013,BOJONGLOA KALER,KOTA BANDUNG,JAWA BARAT,-6.932841051,107.5895255,medium
158,2019,PADALARANG,BANDUNG BARAT,JAWA BARAT,-6.840937813,107.4746004,medium
159,2023,SUKATANI,BEKASI,JAWA BARAT,-6.192543568,107.1555145,medium
160,2024,CIMAHI UTARA,KOTA CIMAHI,JAWA BARAT,-6.862571266,107.5508105,medium
161,2027,SERANG BARU,BEKASI,JAWA BARAT,-6.396403504,107.1144533,medium
162,2028,SUKAJADI,KOTA BANDUNG,JAWA BARAT,-6.888170002,107.5901517,medium
163,2030,CIMAHI SELATAN,KOTA CIMAHI,JAWA BARAT,-6.908100944,107.5399535,medium
164,2032,CILEUNYI,BANDUNG,JAWA BARAT,-6.93282003,107.7390658,medium
165,2033,CIBUNGBULANG,BOGOR,JAWA BARAT,-6.576260543,106.6610721,medium
166,2036,CILODONG,KOTA DEPOK,JAWA BARAT,-6.430476039,106.8377813,medium
167,2044,PAMIJAHAN,BOGOR,JAWA BARAT,-6.693290126,106.6594376,medium
168,2053,CIPAYUNG,KOTA DEPOK,JAWA BARAT,-6.429127285,106.8023034,medium
169,2054,CIMAHI TENGAH,KOTA CIMAHI,JAWA BARAT,-6.884447175,107.539789,medium
170,2057,KARAWANG TIMUR,KARAWANG,JAWA BARAT,-6.29980582,107.3331691,medium
171,2063,CIAMPEA,BOGOR,JAWA BARAT,-6.574047724,106.6982528,medium
172,2068,KOTA BARU,KARAWANG,JAWA BARAT,-6.396385498,107.4873619,medium
173,2072,CIEMAS,SUKABUMI,JAWA BARAT,-7.207281127,106.4832204,medium
174,2078,CISAAT,SUKABUMI,JAWA BARAT,-6.901968614,106.8897823,medium
175,2089,NGAMPRAH,BANDUNG BARAT,JAWA BARAT,-6.836783184,107.5114443,medium
176,2090,TAMANSARI,BOGOR,JAWA BARAT,-6.655795455,106.7460953,medium
177,2095,TAPOS,KOTA DEPOK,JAWA BARAT,-6.419127316,106.8807629,medium
178,2111,BANTAR GEBANG,KOTA BEKASI,JAWA BARAT,-6.338926025,106.9913654,medium
179,2112,BOJONGSARI,KOTA DEPOK,JAWA BARAT,-6.39435567,106.7376864,medium
180,2127,KLARI,KARAWANG,JAWA BARAT,-6.395122986,107.3803432,medium
181,2131,WALED,CIREBON,JAWA BARAT,-6.909759809,108.685398,medium
182,2133,GUNUNG GURUH,SUKABUMI,JAWA BARAT,-6.949204192,106.8754882,medium
183,2138,SUKAKARYA,BEKASI,JAWA BARAT,-6.14555681,107.1856762,medium
184,2142,CARIU,BOGOR,JAWA BARAT,-6.527022349,107.1372733,medium
185,2147,PEBAYURAN,BEKASI,JAWA BARAT,-6.159371644,107.2484094,medium
186,2149,CIWARU,KUNINGAN,JAWA BARAT,-7.086505619,108.6317728,medium
187,2151,KADUGEDE,KUNINGAN,JAWA BARAT,-7.008064886,108.4521547,medium
188,2155,CIGUDEG,BOGOR,JAWA BARAT,-6.493218475,106.5469133,medium
189,2163,CILEDUG,CIREBON,JAWA BARAT,-6.898096279,108.7474363,medium
190,2167,CIAWIGEBANG,KUNINGAN,JAWA BARAT,-6.946913424,108.599554,medium
191,2168,MAJALAYA,KARAWANG,JAWA BARAT,-6.305800118,107.3682711,medium
192,2171,CIPANAS,CIANJUR,JAWA BARAT,-6.714121492,107.0160019,medium
193,2175,JASINGA,BOGOR,JAWA BARAT,-6.481573962,106.4570197,medium
194,2200,LEMAHABANG,CIREBON,JAWA BARAT,-6.834078205,108.6151475,medium
195,2209,CIKEMBAR,SUKABUMI,JAWA BARAT,-6.974233225,106.7982291,medium
196,2213,PACET,CIANJUR,JAWA BARAT,-6.74938258,107.0392714,medium
197,2214,RANCAEKEK,BANDUNG,JAWA BARAT,-6.980120522,107.7669379,medium
198,2215,CICURUG,SUKABUMI,JAWA BARAT,-6.766670889,106.7828395,medium
199,2218,WARUNG KIARA,SUKABUMI,JAWA BARAT,-6.992597028,106.7218843,medium
200,2243,TANJUNGSARI,SUMEDANG,JAWA BARAT,-6.86804159,107.7969065,medium
201,2247,LEMAHSUGIH,MAJALENGKA,JAWA BARAT,-7.008847983,108.1894896,medium
202,2262,SUKARESMI,GARUT,JAWA BARAT,-7.245847312,107.7710951,medium
203,2263,KRANGKENG,INDRAMAYU,JAWA BARAT,-6.515526382,108.4866116,medium
204,2264,TAROGONG KALER,GARUT,JAWA BARAT,-7.17425452,107.861912,medium
205,2265,BABAKAN,CIREBON,JAWA BARAT,-6.866118379,108.7166925,medium
206,2274,JAMPANG KULON,SUKABUMI,JAWA BARAT,-7.252541912,106.6392053,medium
207,2275,SUSUKAN,CIREBON,JAWA BARAT,-6.625310988,108.3595019,medium
208,2294,CILAKU,CIANJUR,JAWA BARAT,-6.868595255,107.1512061,medium
209,2304,CISARUA,BANDUNG BARAT,JAWA BARAT,-6.801499344,107.5386908,medium
210,2306,SUKAWANGI,BEKASI,JAWA BARAT,-6.120520921,107.0925103,medium
211,2307,SAGALAHERANG,SUBANG,JAWA BARAT,-6.684030826,107.645749,medium
212,2309,BOJONGLOA KIDUL,KOTA BANDUNG,JAWA BARAT,-6.95155065,107.5978088,medium
213,2318,CIGOMBONG,BOGOR,JAWA BARAT,-6.745841124,106.8139124,medium
214,2323,CILILIN,BANDUNG BARAT,JAWA BARAT,-6.979763497,107.4500805,medium
215,2328,SUKABUMI,SUKABUMI,JAWA BARAT,-6.856850779,106.9565374,medium
216,2331,RANCA BUNGUR,BOGOR,JAWA BARAT,-6.521803473,106.7133057,medium
217,2334,BAROS,KOTA SUKABUMI,JAWA BARAT,-6.95976704,106.9324254,medium
218,2337,KEBONPEDES,SUKABUMI,JAWA BARAT,-6.944561206,106.9696254,medium
219,2338,CIPARAY,BANDUNG,JAWA BARAT,-7.045415228,107.6981085,medium
220,2347,MALEBER,KUNINGAN,JAWA BARAT,-7.056143853,108.5721031,medium
221,2359,KADUDAMPIT,SUKABUMI,JAWA BARAT,-6.826694019,106.9350088,medium
222,2370,CIBITUNG,SUKABUMI,JAWA BARAT,-7.363748962,106.6278971,medium
223,2375,SURADE,SUKABUMI,JAWA BARAT,-7.34335193,106.5624893,medium
224,2382,PAMANUKAN,SUBANG,JAWA BARAT,-6.291536937,107.8224554,medium
225,2383,KATAPANG,BANDUNG,JAWA BARAT,-7.003818115,107.5603805,medium
226,2385,CIKAMPEK,KARAWANG,JAWA BARAT,-6.413713968,107.4365302,medium
227,2393,SUKAJAYA,BOGOR,JAWA BARAT,-6.631349769,106.4705085,medium
228,2395,SUKARATU,TASIKMALAYA,JAWA BARAT,-7.275427325,108.1240425,medium
229,2412,JATILUHUR,PURWAKARTA,JAWA BARAT,-6.559958242,107.421786,medium
230,2421,TAWANG,KOTA TASIKMALAYA,JAWA BARAT,-7.339014053,108.2277827,medium
231,2424,BANJARSARI,CIAMIS,JAWA BARAT,-7.501857912,108.6277857,medium
232,2427,PABUARAN,CIREBON,JAWA BARAT,-6.894411321,108.7208125,medium
233,2434,RONGGA,BANDUNG BARAT,JAWA BARAT,-6.969957222,107.2563598,medium
234,2444,CIMANGGU,SUKABUMI,JAWA BARAT,-7.235741712,106.6807436,medium
235,2448,CIPONGKOR,BANDUNG BARAT,JAWA BARAT,-6.944711414,107.3510115,medium
236,2456,TAROGONG KIDUL,GARUT,JAWA BARAT,-7.215106297,107.8837692,medium
237,2460,PATOKBEUSI,SUBANG,JAWA BARAT,-6.367939582,107.6163365,medium
238,2465,CIPEDES,KOTA TASIKMALAYA,JAWA BARAT,-7.314013349,108.2230564,medium
239,2470,LENGKONG,SUKABUMI,JAWA BARAT,-7.113744801,106.6848529,medium
240,2477,ANDIR,KOTA BANDUNG,JAWA BARAT,-6.910821518,107.5803565,medium
241,2480,KARANG BAHAGIA,BEKASI,JAWA BARAT,-6.217623994,107.1969275,medium
242,2481,CILENGKRANG,BANDUNG,JAWA BARAT,-6.862587298,107.723253,medium
243,2508,PAMEUNGPEUK,BANDUNG,JAWA BARAT,-7.018640382,107.5873087,medium
244,2521,CIHAMPELAS,BANDUNG BARAT,JAWA BARAT,-6.939190506,107.4771974,medium
245,2530,MARGAASIH,BANDUNG,JAWA BARAT,-6.948775495,107.5445573,medium
246,2541,BABAKANCIKAO,PURWAKARTA,JAWA BARAT,-6.490833427,107.4241264,medium
247,2545,PLUMBON,CIREBON,JAWA BARAT,-6.706001769,108.4770377,medium
248,2546,DUKUPUNTANG,CIREBON,JAWA BARAT,-6.76030092,108.4090793,medium
249,2554,JATINANGOR,SUMEDANG,JAWA BARAT,-6.931339514,107.7775991,medium
250,2567,KARANGSEMBUNG,CIREBON,JAWA BARAT,-6.843457278,108.6645318,medium
251,2570,CIMAUNG,BANDUNG,JAWA BARAT,-7.11344383,107.5726215,medium
252,2580,LEGONKULON,SUBANG,JAWA BARAT,-6.232304636,107.8068717,medium
253,2584,MAJALENGKA,MAJALENGKA,JAWA BARAT,-6.856572174,108.2258548,medium
254,2586,CIJATI,CIANJUR,JAWA BARAT,-7.281820801,107.0151143,medium
255,2591,RUMPIN,BOGOR,JAWA BARAT,-6.459789371,106.6311369,medium
256,2600,CIANJUR,CIANJUR,JAWA BARAT,-6.81894048,107.1307434,medium
257,2611,MAJALAYA,BANDUNG,JAWA BARAT,-7.053676716,107.7433764,medium
258,2614,BANYURESMI,GARUT,JAWA BARAT,-7.151317784,107.9342367,medium
259,2621,PANJALU,CIAMIS,JAWA BARAT,-7.138308903,108.2783237,medium
260,2622,SUKAHENING,TASIKMALAYA,JAWA BARAT,-7.211362124,108.1175491,medium
261,2631,LEMAH WUNGKUK,KOTA CIREBON,JAWA BARAT,-6.731910286,108.5760306,medium
262,2632,KASOKANDEL,MAJALENGKA,JAWA BARAT,-6.773744386,108.2261131,medium
263,2634,KARANGTENGAH,CIANJUR,JAWA BARAT,-6.806096142,107.1884338,medium
264,2644,SAMARANG,GARUT,JAWA BARAT,-7.188194463,107.8125268,medium
265,2647,PACET,BANDUNG,JAWA BARAT,-7.134179808,107.6970941,medium
266,2649,LEMAHABANG,KARAWANG,JAWA BARAT,-6.283847268,107.4566338,medium
267,2657,MARGAHAYU,BANDUNG,JAWA BARAT,-6.975171751,107.5745209,medium
268,2660,CIBIRU,KOTA BANDUNG,JAWA BARAT,-6.914455838,107.7231515,medium
269,2662,GEDEBAGE,KOTA BANDUNG,JAWA BARAT,-6.953577716,107.6975437,medium
270,2664,JAMBLANG,CIREBON,JAWA BARAT,-6.666097761,108.4752138,medium
271,2665,BATUJAJAR,BANDUNG BARAT,JAWA BARAT,-6.894560517,107.4366806,medium
272,2666,PALIMANAN,CIREBON,JAWA BARAT,-6.71181916,108.4272716,medium
273,2671,KESAMBI,KOTA CIREBON,JAWA BARAT,-6.733184148,108.5421926,medium
274,2673,DEPOK,CIREBON,JAWA BARAT,-6.73554091,108.4468096,medium
275,2686,CISOMPET,GARUT,JAWA BARAT,-7.555221605,107.8080107,medium
276,2692,PLERED,CIREBON,JAWA BARAT,-6.681935812,108.505038,medium
277,2695,WERU,CIREBON,JAWA BARAT,-6.717260846,108.4962283,medium
278,2714,TANJUNGSIANG,SUBANG,JAWA BARAT,-6.743481201,107.8133747,low
279,2723,SINDANG,INDRAMAYU,JAWA BARAT,-6.331952153,108.2974197,low
280,2726,SIDAMULIH,PANGANDARAN,JAWA BARAT,-7.620430106,108.5890547,low
281,2732,SUBANG,KUNINGAN,JAWA BARAT,-7.128800064,108.5385695,low
282,2782,PANYINGKIRAN,MAJALENGKA,JAWA BARAT,-6.812253778,108.1799964,low
283,2784,CINEAM,TASIKMALAYA,JAWA BARAT,-7.41961201,108.3630277,low
284,2799,SUKARAME,TASIKMALAYA,JAWA BARAT,-7.373755386,108.1488925,low
285,2807,BONGAS,INDRAMAYU,JAWA BARAT,-6.379961581,108.0174881,low
286,2816,CAMPAKA,CIANJUR,JAWA BARAT,-7.005215224,107.1121809,low
287,2878,SERANGPANJANG,SUBANG,JAWA BARAT,-6.646856012,107.6116001,low
288,2946,PASIRKUDA,CIANJUR,JAWA BARAT,-7.203422801,107.2211354,low
289,2958,PUSPAHIANG,TASIKMALAYA,JAWA BARAT,-7.418877194,108.0359846,low
290,2988,TRISI,INDRAMAYU,JAWA BARAT,-6.560595585,108.0672647,low
291,3037,KROYA,INDRAMAYU,JAWA BARAT,-6.499858453,108.0409925,low
292,3112,PASEKAN,INDRAMAYU,JAWA BARAT,-6.274426305,108.3044708,low
293,3113,LELES,CIANJUR,JAWA BARAT,-7.34002957,107.0180828,low
294,3127,LUMBUNG,CIAMIS,JAWA BARAT,-7.152763432,108.3257292,low
295,3173,CIAMBAR,SUKABUMI,JAWA BARAT,-6.813880572,106.8218856,low
296,3190,PUSAKAJAYA,SUBANG,JAWA BARAT,-6.311217467,107.8923778,low
297,3211,CIKALONG,TASIKMALAYA,JAWA BARAT,-7.750615395,108.2153724,low
298,3214,SLIYEG,INDRAMAYU,JAWA BARAT,-6.450148764,108.3486042,low
299,3221,SINGAJAYA,GARUT,JAWA BARAT,-7.478086832,107.9174953,low
300,3224,JATINUNGGAL,SUMEDANG,JAWA BARAT,-6.935538161,108.1634025,low
301,3250,CIDAUN,CIANJUR,JAWA BARAT,-7.407652859,107.3782134,low
302,3282,NARINGGUL,CIANJUR,JAWA BARAT,-7.351925753,107.3337775,low
303,3283,CIHURIP,GARUT,JAWA BARAT,-7.506529716,107.8472372,low
304,3284,BANTARKALONG,TASIKMALAYA,JAWA BARAT,-7.579166837,108.0810476,low
305,3285,CULAMEGA,TASIKMALAYA,JAWA BARAT,-7.599238868,108.0301756,low
306,3286,ARAHAN,INDRAMAYU,JAWA BARAT,-6.363312042,108.2467327,low
307,3387,PANCATENGAH,TASIKMALAYA,JAWA BARAT,-7.689097701,108.3029178,low
308,3388,CIBALONG,TASIKMALAYA,JAWA BARAT,-7.566618358,108.1895762,low
309,3389,BOJONGASIH,TASIKMALAYA,JAWA BARAT,-7.555032602,108.1284398,low
310,3390,SODONGHILIR,TASIKMALAYA,JAWA BARAT,-7.493048511,108.0538632,low
311,3539,CIATER,SUBANG,JAWA BARAT,-6.73731116,107.6699504,low
312,3566,CIBEUREUM,KUNINGAN,JAWA BARAT,-7.078955407,108.715389,low
313,3574,PEUNDEUY,GARUT,JAWA BARAT,-7.548711464,107.9090683,low
314,3579,BANJARANYAR,CIAMIS,JAWA BARAT,-7.517414372,108.5485574,low
315,3616,SELAAWI,GARUT,JAWA BARAT,-7.000597658,108.0111241,low
316,3636,MANGUNJAYA,PANGANDARAN,JAWA BARAT,-7.48507492,108.6892798,low
317,3652,WANAYASA,PURWAKARTA,JAWA BARAT,-6.671188523,107.5464122,low
318,3653,KARANGNUNGGAL,TASIKMALAYA,JAWA BARAT,-7.663733861,108.1506633,low
319,3660,LELEA,INDRAMAYU,JAWA BARAT,-6.461086728,108.2255462,low
320,3666,MUNDU,CIREBON,JAWA BARAT,-6.775089687,108.5811508,low
321,3670,RANCABALI,BANDUNG,JAWA BARAT,-7.168887792,107.3499287,low
322,3681,LEUWIGOONG,GARUT,JAWA BARAT,-7.109406627,107.9434475,low
323,3693,CAMPAKAMULYA,CIANJUR,JAWA BARAT,-7.077099935,107.215482,low
324,3702,CIGUGUR,PANGANDARAN,JAWA BARAT,-7.623625015,108.4018896,low
325,3703,GEMPOL,CIREBON,JAWA BARAT,-6.706724403,108.3974558,low
326,3732,SUKAWENING,GARUT,JAWA BARAT,-7.13566364,108.0152943,low
327,3737,SUCINARAJA,GARUT,JAWA BARAT,-7.216788002,108.0065535,low
328,3746,CIBIUK,GARUT,JAWA BARAT,-7.064163608,107.9552972,low
329,3756,BOJONGGENTENG,SUKABUMI,JAWA BARAT,-6.834699377,106.7209473,low
330,3765,CILEBAR,KARAWANG,JAWA BARAT,-6.132999569,107.4132351,low
331,3767,TANGGEUNG,CIANJUR,JAWA BARAT,-7.25676482,107.1207132,low
332,3773,CIBINONG,CIANJUR,JAWA BARAT,-7.326311966,107.1493669,low
333,3774,PANGANDARAN,PANGANDARAN,JAWA BARAT,-7.647625199,108.6513205,low
334,3791,PURBARATU,KOTA TASIKMALAYA,JAWA BARAT,-7.332973483,108.2655818,low
335,3809,BANGODUA,INDRAMAYU,JAWA BARAT,-6.516956285,108.2788159,low
336,3823,KADIPATEN,MAJALENGKA,JAWA BARAT,-6.759403866,108.1758787,low
337,3833,SUKASARI,SUMEDANG,JAWA BARAT,-6.864040865,107.7672294,low
338,3851,SUKRA,INDRAMAYU,JAWA BARAT,-6.291060947,107.9480262,low
339,3852,MANIIS,PURWAKARTA,JAWA BARAT,-6.681362107,107.2987106,low
340,3860,CIDAHU,SUKABUMI,JAWA BARAT,-6.766169307,106.7315341,low
341,3863,SAGARANTEN,SUKABUMI,JAWA BARAT,-7.20129554,106.874175,low
342,3878,JATITUJUH,MAJALENGKA,JAWA BARAT,-6.625268903,108.2300649,low
343,3880,CIGASONG,MAJALENGKA,JAWA BARAT,-6.818698427,108.2556929,low
344,3884,SUKARESIK,TASIKMALAYA,JAWA BARAT,-7.156792855,108.1825966,low
345,3886,MANGUNREJA,TASIKMALAYA,JAWA BARAT,-7.382445612,108.0834821,low
346,3888,BOJONGGAMBIR,TASIKMALAYA,JAWA BARAT,-7.570332999,107.9632603,low
347,3900,JATIGEDE,SUMEDANG,JAWA BARAT,-6.869618059,108.1342458,low
348,3906,RAJAPOLAH,TASIKMALAYA,JAWA BARAT,-7.216679769,108.1830482,low
349,3908,CIKATOMAS,TASIKMALAYA,JAWA BARAT,-7.618204084,108.2688537,low
350,3918,PONDOKSALAM,PURWAKARTA,JAWA BARAT,-6.619751965,107.4913693,low
351,3945,BANTARUJEG,MAJALENGKA,JAWA BARAT,-6.964148743,108.2514006,low
352,3948,CIHAURBEUTI,CIAMIS,JAWA BARAT,-7.221687291,108.2303463,low
353,3952,SUKANAGARA,CIANJUR,JAWA BARAT,-7.100512051,107.0903089,low
354,3955,RANCAH,CIAMIS,JAWA BARAT,-7.205179392,108.4955523,low
355,3957,CIPUNAGARA,SUBANG,JAWA BARAT,-6.488960137,107.8638747,low
356,3964,SINDANG,MAJALENGKA,JAWA BARAT,-6.835116926,108.3270288,low
357,3990,PANGATIKAN,GARUT,JAWA BARAT,-7.176317935,108.0237909,low
358,4033,KABANDUNGAN,SUKABUMI,JAWA BARAT,-6.785890009,106.5950418,low
359,4041,CIAWI,TASIKMALAYA,JAWA BARAT,-7.168254603,108.1159832,low
360,4044,TAMBAKSARI,CIAMIS,JAWA BARAT,-7.238850431,108.549371,low
361,4046,BAREGBEG,CIAMIS,JAWA BARAT,-7.289602528,108.3713519,low
362,4055,LANGKAPLANCAR,PANGANDARAN,JAWA BARAT,-7.551860509,108.4369414,low
363,4065,CONGGEANG,SUMEDANG,JAWA BARAT,-6.728528588,108.0207337,low
364,4080,KADIPATEN,TASIKMALAYA,JAWA BARAT,-7.119107928,108.1161013,low
365,4081,TAMANSARI,KOTA TASIKMALAYA,JAWA BARAT,-7.396959776,108.2487212,low
366,4086,CIKAKAK,SUKABUMI,JAWA BARAT,-6.892790048,106.5267951,low
367,4087,CINGAMBUL,MAJALENGKA,JAWA BARAT,-7.042551216,108.330253,low
368,4109,KERSAMANAH,GARUT,JAWA BARAT,-7.070771401,108.0316338,low
369,4112,PASAWAHAN,PURWAKARTA,JAWA BARAT,-6.574728089,107.4790247,low
370,4113,CIPEUNDUEY,SUBANG,JAWA BARAT,-6.498985086,107.594589,low
371,4120,CIKANCUNG,BANDUNG,JAWA BARAT,-7.031535991,107.8238116,low
372,4123,LOSARI,CIREBON,JAWA BARAT,-6.805770241,108.8060636,low
373,4125,TAKOKAK,CIANJUR,JAWA BARAT,-7.106090444,106.98641,low
374,4128,PANGALENGAN,BANDUNG,JAWA BARAT,-7.203765731,107.5698161,low
375,4146,CIBUGEL,SUMEDANG,JAWA BARAT,-6.966583311,108.0265599,low
376,4158,PURWAHARJA,KOTA BANJAR,JAWA BARAT,-7.351254344,108.5563257,low
377,4160,CIGEDUG,GARUT,JAWA BARAT,-7.328474286,107.8250471,low
378,4163,PELABUHANRATU,SUKABUMI,JAWA BARAT,-6.975969374,106.5753935,low
379,4166,TEGALWARU,KARAWANG,JAWA BARAT,-6.522021366,107.2429722,low
380,4169,CIAMIS,CIAMIS,JAWA BARAT,-7.329779897,108.3374082,low
381,4171,SUKAGUMIWANG,INDRAMAYU,JAWA BARAT,-6.581862153,108.3236726,low
382,4196,SADANANYA,CIAMIS,JAWA BARAT,-7.255194503,108.3073575,low
383,4204,WIDASARI,INDRAMAYU,JAWA BARAT,-6.466611361,108.2732642,low
384,4208,CABANGBUNGIN,BEKASI,JAWA BARAT,-6.078844451,107.1368561,low
385,4211,KALIPUCANG,PANGANDARAN,JAWA BARAT,-7.638844907,108.7175225,low
386,4212,SUMBERJAYA,MAJALENGKA,JAWA BARAT,-6.68975631,108.3315472,low
387,4214,PANAWANGAN,CIAMIS,JAWA BARAT,-7.108769066,108.3826793,low
388,4230,RANCAKALONG,SUMEDANG,JAWA BARAT,-6.823475179,107.8408999,low
389,4235,MANGKUBUMI,KOTA TASIKMALAYA,JAWA BARAT,-7.346141036,108.1848236,low
390,4244,KAWALI,CIAMIS,JAWA BARAT,-7.175480039,108.3587238,low
391,4251,LOHBENER,INDRAMAYU,JAWA BARAT,-6.399805714,108.2562566,low
392,4269,SALOPA,TASIKMALAYA,JAWA BARAT,-7.503925852,108.2884143,low
393,4271,CISURUPAN,GARUT,JAWA BARAT,-7.305239511,107.7665289,low
394,4273,TENJO,BOGOR,JAWA BARAT,-6.372790672,106.4794566,low
395,4296,CIPAKU,CIAMIS,JAWA BARAT,-7.235802142,108.3618595,low
396,4297,PAMARICAN,CIAMIS,JAWA BARAT,-7.455982047,108.5144419,low
397,4298,SINGAPARNA,TASIKMALAYA,JAWA BARAT,-7.349446247,108.1287925,low
398,4314,PASEH,SUMEDANG,JAWA BARAT,-6.796538243,108.013285,low
399,4315,PAMEUNGPEUK,GARUT,JAWA BARAT,-7.628349453,107.7310491,low
400,4316,CILAMAYA WETAN,KARAWANG,JAWA BARAT,-6.227237076,107.5783924,low
401,4317,PAKISJAYA,KARAWANG,JAWA BARAT,-6.005285695,107.1256103,low
402,4318,JATIBARANG,INDRAMAYU,JAWA BARAT,-6.440432139,108.3127634,low
403,4320,SINDANG AGUNG,KUNINGAN,JAWA BARAT,-6.971438957,108.531394,low
404,4321,HAURWANGI,CIANJUR,JAWA BARAT,-6.850483141,107.3113974,low
405,4323,GANTAR,INDRAMAYU,JAWA BARAT,-6.546262407,107.9498541,low
406,4325,PAMULIHAN,SUMEDANG,JAWA BARAT,-6.894441744,107.8469169,low
407,4327,CIJAMBE,SUBANG,JAWA BARAT,-6.631017979,107.7758033,low
408,4330,CIKEDUNG,INDRAMAYU,JAWA BARAT,-6.537107047,108.1748578,low
409,4335,CIAMPEL,KARAWANG,JAWA BARAT,-6.430005023,107.3329291,low
410,4339,WADO,SUMEDANG,JAWA BARAT,-6.984352417,108.1171669,low
411,4341,TAMBAKDAHAN,SUBANG,JAWA BARAT,-6.34247937,107.8111088,low
412,4346,CISOLOK,SUKABUMI,JAWA BARAT,-6.878098003,106.4597505,low
413,4350,BALONGAN,INDRAMAYU,JAWA BARAT,-6.384045824,108.3754619,low
414,4351,COMPRENG,SUBANG,JAWA BARAT,-6.387136924,107.8743953,low
415,4353,RAJAGALUH,MAJALENGKA,JAWA BARAT,-6.824673727,108.3630366,low
416,4355,SUKATANI,PURWAKARTA,JAWA BARAT,-6.597976974,107.391776,low
417,4359,KEDOKAN BUNDER,INDRAMAYU,JAWA BARAT,-6.498111125,108.4135415,low
418,4376,LOSARANG,INDRAMAYU,JAWA BARAT,-6.370968123,108.1748967,low
419,4380,PAGERAGEUNG,TASIKMALAYA,JAWA BARAT,-7.099850331,108.1748723,low
420,4381,CISAYONG,TASIKMALAYA,JAWA BARAT,-7.2432875,108.1339147,low
421,4382,PATROL,INDRAMAYU,JAWA BARAT,-6.319597441,108.0012016,low
422,4387,KANDANGHAUR,INDRAMAYU,JAWA BARAT,-6.356154141,108.092554,low
423,4402,TANJUNGJAYA,TASIKMALAYA,JAWA BARAT,-7.412787384,108.1245226,low
424,4405,CIMERAK,PANGANDARAN,JAWA BARAT,-7.762714112,108.391929,low
425,4408,BUNGBULANG,GARUT,JAWA BARAT,-7.436011141,107.5898124,low
426,4426,TANJUNGMEDAR,SUMEDANG,JAWA BARAT,-6.735862677,107.8622186,low
427,4447,PASALEMAN,CIREBON,JAWA BARAT,-6.953927571,108.7367534,low
428,4449,LEUWISARI,TASIKMALAYA,JAWA BARAT,-7.303530295,108.090933,low
429,4501,KUTAWARINGIN,BANDUNG,JAWA BARAT,-6.999693117,107.5098189,low
430,4515,CISEWU,GARUT,JAWA BARAT,-7.377565335,107.523222,low
431,4525,KADUPANDAK,CIANJUR,JAWA BARAT,-7.214650528,107.0269461,low
432,4546,CIRACAP,SUKABUMI,JAWA BARAT,-7.322275154,106.468858,low
433,4580,LIGUNG,MAJALENGKA,JAWA BARAT,-6.662540928,108.2852961,low
434,4582,MALAUSMA,MAJALENGKA,JAWA BARAT,-7.039011516,108.2438404,low
435,4584,CIBATU,GARUT,JAWA BARAT,-7.085379337,107.9984143,low
436,4589,KAWALU,KOTA TASIKMALAYA,JAWA BARAT,-7.402061263,108.2020408,low
437,4591,CIGALONTANG,TASIKMALAYA,JAWA BARAT,-7.307236152,108.0052583,low
438,4598,JATIWARAS,TASIKMALAYA,JAWA BARAT,-7.498153443,108.2253743,low
439,4599,SUKARAJA,TASIKMALAYA,JAWA BARAT,-7.442696454,108.1662849,low
440,4610,CARINGIN,GARUT,JAWA BARAT,-7.464339118,107.4959387,low
441,4617,CIJULANG,PANGANDARAN,JAWA BARAT,-7.715580087,108.4435977,low
442,4627,CILAMAYA KULON,KARAWANG,JAWA BARAT,-6.218571984,107.5152702,low
443,4635,CIBEUREUM,KOTA TASIKMALAYA,JAWA BARAT,-7.354898211,108.2594007,low
444,4645,PURABAYA,SUKABUMI,JAWA BARAT,-7.100071261,106.8851393,low
445,4657,SIMPENAN,SUKABUMI,JAWA BARAT,-7.081905952,106.5885547,low
446,4659,CIKIJING,MAJALENGKA,JAWA BARAT,-7.005458393,108.3659701,low
447,4663,DAWUAN,MAJALENGKA,JAWA BARAT,-6.725085555,108.2078881,low
448,4667,JATIWANGI,MAJALENGKA,JAWA BARAT,-6.744871175,108.2602627,low
449,4672,TIRTAJAYA,KARAWANG,JAWA BARAT,-6.029462906,107.2533011,low
450,4673,SUKARESMI,CIANJUR,JAWA BARAT,-6.7097068,107.1024771,low
451,4677,SOLOKANJERUK,BANDUNG,JAWA BARAT,-7.010852541,107.7489086,low
452,4678,BANJARWANGI,GARUT,JAWA BARAT,-7.405645716,107.8825084,low
453,4681,PEDES,KARAWANG,JAWA BARAT,-6.090847564,107.371932,low
454,4683,BLANAKAN,SUBANG,JAWA BARAT,-6.263755893,107.6653803,low
455,4685,PLERED,PURWAKARTA,JAWA BARAT,-6.645751756,107.3797174,low
456,4686,PASEH,BANDUNG,JAWA BARAT,-7.068833974,107.795517,low
457,4689,CIASEM,SUBANG,JAWA BARAT,-6.320133821,107.6611905,low
458,4699,BL. LIMBANGAN,GARUT,JAWA BARAT,-7.005478887,107.9518516,low
459,4700,CIKAJANG,GARUT,JAWA BARAT,-7.400002157,107.8003372,low
460,4703,PAKENJENG,GARUT,JAWA BARAT,-7.469250634,107.686442,low
461,4704,IBUN,BANDUNG,JAWA BARAT,-7.121626857,107.7681965,low
462,4706,JAYAKERTA,KARAWANG,JAWA BARAT,-6.104998809,107.2974716,low
463,4707,CIKALONGKULON,CIANJUR,JAWA BARAT,-6.681172596,107.2076985,low
464,4711,TANJUNGKERTA,SUMEDANG,JAWA BARAT,-6.761950176,107.9017295,low
465,4716,PAGADEN BARAT,SUBANG,JAWA BARAT,-6.485516062,107.7672696,low
466,4721,PURWADADI,SUBANG,JAWA BARAT,-6.443371715,107.6862849,low
467,4726,BINONG,SUBANG,JAWA BARAT,-6.400387504,107.8003748,low
468,4727,SALAWU,TASIKMALAYA,JAWA BARAT,-7.372841529,107.9842392,low
469,4735,PAGADEN,SUBANG,JAWA BARAT,-6.480692226,107.8002689,low
470,4737,PABUARAN,SUBANG,JAWA BARAT,-6.421300201,107.5942125,low
471,4739,MANDE,CIANJUR,JAWA BARAT,-6.757938043,107.1828465,low
472,4742,BOJONGPICUNG,CIANJUR,JAWA BARAT,-6.888318936,107.2556363,low
473,4745,CISALAK,SUBANG,JAWA BARAT,-6.761014982,107.7472354,low
474,4746,KARANGAMPEL,INDRAMAYU,JAWA BARAT,-6.470686068,108.4526911,low
475,4749,PUSAKANAGARA,SUBANG,JAWA BARAT,-6.253174157,107.8757681,low
476,4765,SUKALUYU,CIANJUR,JAWA BARAT,-6.831416636,107.2196965,low
477,4767,CIKAUM,SUBANG,JAWA BARAT,-6.413809857,107.7371263,low
478,4771,SURANENGGALA,CIREBON,JAWA BARAT,-6.6316243,108.5230066,low
479,4773,WARUNGKONDANG,CIANJUR,JAWA BARAT,-6.854422906,107.0699705,low
480,4778,GABUSWETAN,INDRAMAYU,JAWA BARAT,-6.427560251,108.068107,low
481,4782,SUKASARI,SUBANG,JAWA BARAT,-6.28964492,107.7568373,low
482,4783,CIRANJANG,CIANJUR,JAWA BARAT,-6.809676214,107.2646038,low
483,4790,TELAGASARI,KARAWANG,JAWA BARAT,-6.271072888,107.4138814,low
484,4798,LAKBOK,CIAMIS,JAWA BARAT,-7.405939423,108.6634565,low
485,4808,PANGENAN,CIREBON,JAWA BARAT,-6.796057737,108.6664916,low
486,4809,SINDANGBARANG,CIANJUR,JAWA BARAT,-7.427442604,107.1123882,low
487,4812,ANJATAN,INDRAMAYU,JAWA BARAT,-6.376435416,107.94652,low
488,4814,CAMPAKA,PURWAKARTA,JAWA BARAT,-6.487628547,107.5086691,low
489,4831,CIMANGGUNG,SUMEDANG,JAWA BARAT,-6.949197598,107.8531241,low
490,4835,TIRTAMULYA,KARAWANG,JAWA BARAT,-6.340814444,107.4624829,low
491,4840,PURWADADI,CIAMIS,JAWA BARAT,-7.439940717,108.6416033,low
492,4867,KADUNGORA,GARUT,JAWA BARAT,-7.073862868,107.8950183,low
493,4877,TUKDANA,INDRAMAYU,JAWA BARAT,-6.561284904,108.2729177,low
494,4878,JUNTINYUAT,INDRAMAYU,JAWA BARAT,-6.435703171,108.4106232,low
495,4881,NAGREG,BANDUNG,JAWA BARAT,-7.028317046,107.8872978,low
496,4884,GUNUNGHALU,BANDUNG BARAT,JAWA BARAT,-7.042601835,107.3011609,low
497,4885,KUTAWALUYA,KARAWANG,JAWA BARAT,-6.174358913,107.3462002,low
498,4888,LANGENSARI,KOTA BANJAR,JAWA BARAT,-7.367306323,108.6291925,low
499,4898,MAJA,MAJALENGKA,JAWA BARAT,-6.90279604,108.2754606,low
500,4910,CICALENGKA,BANDUNG,JAWA BARAT,-6.986612528,107.8608237,low
501,4914,PABEDILAN,CIREBON,JAWA BARAT,-6.861853419,108.7703643,low
502,4919,PASIRJAMBU,BANDUNG,JAWA BARAT,-7.175198515,107.4575898,low
503,4924,MANONJAYA,TASIKMALAYA,JAWA BARAT,-7.370119638,108.3202317,low
504,4940,MALANGBONG,GARUT,JAWA BARAT,-7.057158664,108.082022,low
505,4943,SINDANGKASIH,CIAMIS,JAWA BARAT,-7.283407076,108.238291,low
506,4945,SARIWANGI,TASIKMALAYA,JAWA BARAT,-7.293546936,108.0572465,low
507,4952,CIBALONG,GARUT,JAWA BARAT,-7.662188204,107.8510307,low
508,4953,TARAJU,TASIKMALAYA,JAWA BARAT,-7.444244346,107.9925341,low
509,4957,KERTASARI,BANDUNG,JAWA BARAT,-7.241174811,107.6790832,low
510,4960,CUGENANG,CIANJUR,JAWA BARAT,-6.800986872,107.0654167,low
511,4972,BATUJAYA,KARAWANG,JAWA BARAT,-6.051078128,107.1952604,low
512,4973,CIBEBER,CIANJUR,JAWA BARAT,-6.935416372,107.139743,low
513,4978,JAMANIS,TASIKMALAYA,JAWA BARAT,-7.18759836,108.1627735,low
514,4981,PADAHERANG,PANGANDARAN,JAWA BARAT,-7.551064985,108.6948683,low
